"C02118V02559","Reason for Journey","TLIST(A1)","Year","STATISTIC","Statistic Label","UNIT","VALUE"
"1","Holiday/leisure/recreation","1976","1976","TMA05C1","Expenditure by Vistors to Ireland","Euro Million","69"
"1","Holiday/leisure/recreation","1976","1976","TMA05C2","Visitors to Ireland","Thousand","553"
"1","Holiday/leisure/recreation","1976","1976","TMA05C3","Average Length of Stay by Visitors to Ireland","Nights",""
"1","Holiday/leisure/recreation","1976","1976","TMA05C4","Expenditure by Irish Residents Abroad","Euro Million","81"
"1","Holiday/leisure/recreation","1976","1976","TMA05C5","Visits Abroad by Irish Residents","Thousand","428"
"1","Holiday/leisure/recreation","1976","1976","TMA05C6","Average Length of Stay Abroad by Irish Residents","Nights",""
"1","Holiday/leisure/recreation","1977","1977","TMA05C1","Expenditure by Vistors to Ireland","Euro Million","98"
"1","Holiday/leisure/recreation","1977","1977","TMA05C2","Visitors to Ireland","Thousand","665"
"1","Holiday/leisure/recreation","1977","1977","TMA05C3","Average Length of Stay by Visitors to Ireland","Nights",""
"1","Holiday/leisure/recreation","1977","1977","TMA05C4","Expenditure by Irish Residents Abroad","Euro Million","94"
"1","Holiday/leisure/recreation","1977","1977","TMA05C5","Visits Abroad by Irish Residents","Thousand","420"
"1","Holiday/leisure/recreation","1977","1977","TMA05C6","Average Length of Stay Abroad by Irish Residents","Nights",""
"1","Holiday/leisure/recreation","1978","1978","TMA05C1","Expenditure by Vistors to Ireland","Euro Million","132"
"1","Holiday/leisure/recreation","1978","1978","TMA05C2","Visitors to Ireland","Thousand","838"
"1","Holiday/leisure/recreation","1978","1978","TMA05C3","Average Length of Stay by Visitors to Ireland","Nights",""
"1","Holiday/leisure/recreation","1978","1978","TMA05C4","Expenditure by Irish Residents Abroad","Euro Million","136"
"1","Holiday/leisure/recreation","1978","1978","TMA05C5","Visits Abroad by Irish Residents","Thousand","540"
"1","Holiday/leisure/recreation","1978","1978","TMA05C6","Average Length of Stay Abroad by Irish Residents","Nights",""
"1","Holiday/leisure/recreation","1979","1979","TMA05C1","Expenditure by Vistors to Ireland","Euro Million","140"
"1","Holiday/leisure/recreation","1979","1979","TMA05C2","Visitors to Ireland","Thousand","790"
"1","Holiday/leisure/recreation","1979","1979","TMA05C3","Average Length of Stay by Visitors to Ireland","Nights",""
"1","Holiday/leisure/recreation","1979","1979","TMA05C4","Expenditure by Irish Residents Abroad","Euro Million","185"
"1","Holiday/leisure/recreation","1979","1979","TMA05C5","Visits Abroad by Irish Residents","Thousand","588"
"1","Holiday/leisure/recreation","1979","1979","TMA05C6","Average Length of Stay Abroad by Irish Residents","Nights",""
"1","Holiday/leisure/recreation","1980","1980","TMA05C1","Expenditure by Vistors to Ireland","Euro Million","142"
"1","Holiday/leisure/recreation","1980","1980","TMA05C2","Visitors to Ireland","Thousand","703"
"1","Holiday/leisure/recreation","1980","1980","TMA05C3","Average Length of Stay by Visitors to Ireland","Nights",""
"1","Holiday/leisure/recreation","1980","1980","TMA05C4","Expenditure by Irish Residents Abroad","Euro Million","223"
"1","Holiday/leisure/recreation","1980","1980","TMA05C5","Visits Abroad by Irish Residents","Thousand","583"
"1","Holiday/leisure/recreation","1980","1980","TMA05C6","Average Length of Stay Abroad by Irish Residents","Nights",""
"1","Holiday/leisure/recreation","1981","1981","TMA05C1","Expenditure by Vistors to Ireland","Euro Million","147"
"1","Holiday/leisure/recreation","1981","1981","TMA05C2","Visitors to Ireland","Thousand","650"
"1","Holiday/leisure/recreation","1981","1981","TMA05C3","Average Length of Stay by Visitors to Ireland","Nights",""
"1","Holiday/leisure/recreation","1981","1981","TMA05C4","Expenditure by Irish Residents Abroad","Euro Million","273"
"1","Holiday/leisure/recreation","1981","1981","TMA05C5","Visits Abroad by Irish Residents","Thousand","584"
"1","Holiday/leisure/recreation","1981","1981","TMA05C6","Average Length of Stay Abroad by Irish Residents","Nights",""
"1","Holiday/leisure/recreation","1982","1982","TMA05C1","Expenditure by Vistors to Ireland","Euro Million","178"
"1","Holiday/leisure/recreation","1982","1982","TMA05C2","Visitors to Ireland","Thousand","691"
"1","Holiday/leisure/recreation","1982","1982","TMA05C3","Average Length of Stay by Visitors to Ireland","Nights",""
"1","Holiday/leisure/recreation","1982","1982","TMA05C4","Expenditure by Irish Residents Abroad","Euro Million","296"
"1","Holiday/leisure/recreation","1982","1982","TMA05C5","Visits Abroad by Irish Residents","Thousand","604"
"1","Holiday/leisure/recreation","1982","1982","TMA05C6","Average Length of Stay Abroad by Irish Residents","Nights",""
"1","Holiday/leisure/recreation","1983","1983","TMA05C1","Expenditure by Vistors to Ireland","Euro Million","208"
"1","Holiday/leisure/recreation","1983","1983","TMA05C2","Visitors to Ireland","Thousand","720"
"1","Holiday/leisure/recreation","1983","1983","TMA05C3","Average Length of Stay by Visitors to Ireland","Nights","11.3"
"1","Holiday/leisure/recreation","1983","1983","TMA05C4","Expenditure by Irish Residents Abroad","Euro Million","316"
"1","Holiday/leisure/recreation","1983","1983","TMA05C5","Visits Abroad by Irish Residents","Thousand","595"
"1","Holiday/leisure/recreation","1983","1983","TMA05C6","Average Length of Stay Abroad by Irish Residents","Nights","11.5"
"1","Holiday/leisure/recreation","1984","1984","TMA05C1","Expenditure by Vistors to Ireland","Euro Million","246"
"1","Holiday/leisure/recreation","1984","1984","TMA05C2","Visitors to Ireland","Thousand","704"
"1","Holiday/leisure/recreation","1984","1984","TMA05C3","Average Length of Stay by Visitors to Ireland","Nights","11.3"
"1","Holiday/leisure/recreation","1984","1984","TMA05C4","Expenditure by Irish Residents Abroad","Euro Million","311"
"1","Holiday/leisure/recreation","1984","1984","TMA05C5","Visits Abroad by Irish Residents","Thousand","571"
"1","Holiday/leisure/recreation","1984","1984","TMA05C6","Average Length of Stay Abroad by Irish Residents","Nights","12"
"1","Holiday/leisure/recreation","1985","1985","TMA05C1","Expenditure by Vistors to Ireland","Euro Million","302"
"1","Holiday/leisure/recreation","1985","1985","TMA05C2","Visitors to Ireland","Thousand","792"
"1","Holiday/leisure/recreation","1985","1985","TMA05C3","Average Length of Stay by Visitors to Ireland","Nights","11.3"
"1","Holiday/leisure/recreation","1985","1985","TMA05C4","Expenditure by Irish Residents Abroad","Euro Million","310"
"1","Holiday/leisure/recreation","1985","1985","TMA05C5","Visits Abroad by Irish Residents","Thousand","560"
"1","Holiday/leisure/recreation","1985","1985","TMA05C6","Average Length of Stay Abroad by Irish Residents","Nights","10.9"
"1","Holiday/leisure/recreation","1986","1986","TMA05C1","Expenditure by Vistors to Ireland","Euro Million","232"
"1","Holiday/leisure/recreation","1986","1986","TMA05C2","Visitors to Ireland","Thousand","641"
"1","Holiday/leisure/recreation","1986","1986","TMA05C3","Average Length of Stay by Visitors to Ireland","Nights","10.9"
"1","Holiday/leisure/recreation","1986","1986","TMA05C4","Expenditure by Irish Residents Abroad","Euro Million","343"
"1","Holiday/leisure/recreation","1986","1986","TMA05C5","Visits Abroad by Irish Residents","Thousand","575"
"1","Holiday/leisure/recreation","1986","1986","TMA05C6","Average Length of Stay Abroad by Irish Residents","Nights","12"
"1","Holiday/leisure/recreation","1987","1987","TMA05C1","Expenditure by Vistors to Ireland","Euro Million","249"
"1","Holiday/leisure/recreation","1987","1987","TMA05C2","Visitors to Ireland","Thousand","710"
"1","Holiday/leisure/recreation","1987","1987","TMA05C3","Average Length of Stay by Visitors to Ireland","Nights","10.4"
"1","Holiday/leisure/recreation","1987","1987","TMA05C4","Expenditure by Irish Residents Abroad","Euro Million","329"
"1","Holiday/leisure/recreation","1987","1987","TMA05C5","Visits Abroad by Irish Residents","Thousand","573"
"1","Holiday/leisure/recreation","1987","1987","TMA05C6","Average Length of Stay Abroad by Irish Residents","Nights","10.7"
"1","Holiday/leisure/recreation","1988","1988","TMA05C1","Expenditure by Vistors to Ireland","Euro Million","298"
"1","Holiday/leisure/recreation","1988","1988","TMA05C2","Visitors to Ireland","Thousand","810"
"1","Holiday/leisure/recreation","1988","1988","TMA05C3","Average Length of Stay by Visitors to Ireland","Nights","10.4"
"1","Holiday/leisure/recreation","1988","1988","TMA05C4","Expenditure by Irish Residents Abroad","Euro Million","408"
"1","Holiday/leisure/recreation","1988","1988","TMA05C5","Visits Abroad by Irish Residents","Thousand","668"
"1","Holiday/leisure/recreation","1988","1988","TMA05C6","Average Length of Stay Abroad by Irish Residents","Nights","10.2"
"1","Holiday/leisure/recreation","1989","1989","TMA05C1","Expenditure by Vistors to Ireland","Euro Million","371"
"1","Holiday/leisure/recreation","1989","1989","TMA05C2","Visitors to Ireland","Thousand","1061"
"1","Holiday/leisure/recreation","1989","1989","TMA05C3","Average Length of Stay by Visitors to Ireland","Nights","10.9"
"1","Holiday/leisure/recreation","1989","1989","TMA05C4","Expenditure by Irish Residents Abroad","Euro Million","443"
"1","Holiday/leisure/recreation","1989","1989","TMA05C5","Visits Abroad by Irish Residents","Thousand","676"
"1","Holiday/leisure/recreation","1989","1989","TMA05C6","Average Length of Stay Abroad by Irish Residents","Nights","10.5"
"1","Holiday/leisure/recreation","1990","1990","TMA05C1","Expenditure by Vistors to Ireland","Euro Million","490"
"1","Holiday/leisure/recreation","1990","1990","TMA05C2","Visitors to Ireland","Thousand","1327"
"1","Holiday/leisure/recreation","1990","1990","TMA05C3","Average Length of Stay by Visitors to Ireland","Nights","10.8"
"1","Holiday/leisure/recreation","1990","1990","TMA05C4","Expenditure by Irish Residents Abroad","Euro Million","430"
"1","Holiday/leisure/recreation","1990","1990","TMA05C5","Visits Abroad by Irish Residents","Thousand","658"
"1","Holiday/leisure/recreation","1990","1990","TMA05C6","Average Length of Stay Abroad by Irish Residents","Nights","11.3"
"1","Holiday/leisure/recreation","1991","1991","TMA05C1","Expenditure by Vistors to Ireland","Euro Million","578"
"1","Holiday/leisure/recreation","1991","1991","TMA05C2","Visitors to Ireland","Thousand","1466"
"1","Holiday/leisure/recreation","1991","1991","TMA05C3","Average Length of Stay by Visitors to Ireland","Nights","11.4"
"1","Holiday/leisure/recreation","1991","1991","TMA05C4","Expenditure by Irish Residents Abroad","Euro Million","449"
"1","Holiday/leisure/recreation","1991","1991","TMA05C5","Visits Abroad by Irish Residents","Thousand","695"
"1","Holiday/leisure/recreation","1991","1991","TMA05C6","Average Length of Stay Abroad by Irish Residents","Nights","10.3"
"1","Holiday/leisure/recreation","1992","1992","TMA05C1","Expenditure by Vistors to Ireland","Euro Million","596"
"1","Holiday/leisure/recreation","1992","1992","TMA05C2","Visitors to Ireland","Thousand","1561"
"1","Holiday/leisure/recreation","1992","1992","TMA05C3","Average Length of Stay by Visitors to Ireland","Nights","10.8"
"1","Holiday/leisure/recreation","1992","1992","TMA05C4","Expenditure by Irish Residents Abroad","Euro Million","554"
"1","Holiday/leisure/recreation","1992","1992","TMA05C5","Visits Abroad by Irish Residents","Thousand","827"
"1","Holiday/leisure/recreation","1992","1992","TMA05C6","Average Length of Stay Abroad by Irish Residents","Nights","10.2"
"1","Holiday/leisure/recreation","1993","1993","TMA05C1","Expenditure by Vistors to Ireland","Euro Million","701"
"1","Holiday/leisure/recreation","1993","1993","TMA05C2","Visitors to Ireland","Thousand","1622"
"1","Holiday/leisure/recreation","1993","1993","TMA05C3","Average Length of Stay by Visitors to Ireland","Nights","10.1"
"1","Holiday/leisure/recreation","1993","1993","TMA05C4","Expenditure by Irish Residents Abroad","Euro Million","543"
"1","Holiday/leisure/recreation","1993","1993","TMA05C5","Visits Abroad by Irish Residents","Thousand","857"
"1","Holiday/leisure/recreation","1993","1993","TMA05C6","Average Length of Stay Abroad by Irish Residents","Nights","9.5"
"1","Holiday/leisure/recreation","1994","1994","TMA05C1","Expenditure by Vistors to Ireland","Euro Million","697"
"1","Holiday/leisure/recreation","1994","1994","TMA05C2","Visitors to Ireland","Thousand","1807"
"1","Holiday/leisure/recreation","1994","1994","TMA05C3","Average Length of Stay by Visitors to Ireland","Nights","9"
"1","Holiday/leisure/recreation","1994","1994","TMA05C4","Expenditure by Irish Residents Abroad","Euro Million","672"
"1","Holiday/leisure/recreation","1994","1994","TMA05C5","Visits Abroad by Irish Residents","Thousand","1006"
"1","Holiday/leisure/recreation","1994","1994","TMA05C6","Average Length of Stay Abroad by Irish Residents","Nights","10.3"
"1","Holiday/leisure/recreation","1995","1995","TMA05C1","Expenditure by Vistors to Ireland","Euro Million","871"
"1","Holiday/leisure/recreation","1995","1995","TMA05C2","Visitors to Ireland","Thousand","2314"
"1","Holiday/leisure/recreation","1995","1995","TMA05C3","Average Length of Stay by Visitors to Ireland","Nights","8.5"
"1","Holiday/leisure/recreation","1995","1995","TMA05C4","Expenditure by Irish Residents Abroad","Euro Million","832"
"1","Holiday/leisure/recreation","1995","1995","TMA05C5","Visits Abroad by Irish Residents","Thousand","1176"
"1","Holiday/leisure/recreation","1995","1995","TMA05C6","Average Length of Stay Abroad by Irish Residents","Nights","10"
"1","Holiday/leisure/recreation","1996","1996","TMA05C1","Expenditure by Vistors to Ireland","Euro Million","959"
"1","Holiday/leisure/recreation","1996","1996","TMA05C2","Visitors to Ireland","Thousand","2466"
"1","Holiday/leisure/recreation","1996","1996","TMA05C3","Average Length of Stay by Visitors to Ireland","Nights","9"
"1","Holiday/leisure/recreation","1996","1996","TMA05C4","Expenditure by Irish Residents Abroad","Euro Million","863"
"1","Holiday/leisure/recreation","1996","1996","TMA05C5","Visits Abroad by Irish Residents","Thousand","1182"
"1","Holiday/leisure/recreation","1996","1996","TMA05C6","Average Length of Stay Abroad by Irish Residents","Nights","9.9"
"1","Holiday/leisure/recreation","1997","1997","TMA05C1","Expenditure by Vistors to Ireland","Euro Million","1064"
"1","Holiday/leisure/recreation","1997","1997","TMA05C2","Visitors to Ireland","Thousand","2767"
"1","Holiday/leisure/recreation","1997","1997","TMA05C3","Average Length of Stay by Visitors to Ireland","Nights","8.5"
"1","Holiday/leisure/recreation","1997","1997","TMA05C4","Expenditure by Irish Residents Abroad","Euro Million","955"
"1","Holiday/leisure/recreation","1997","1997","TMA05C5","Visits Abroad by Irish Residents","Thousand","1299"
"1","Holiday/leisure/recreation","1997","1997","TMA05C6","Average Length of Stay Abroad by Irish Residents","Nights","9.2"
"1","Holiday/leisure/recreation","1998","1998","TMA05C1","Expenditure by Vistors to Ireland","Euro Million","1147"
"1","Holiday/leisure/recreation","1998","1998","TMA05C2","Visitors to Ireland","Thousand","3097"
"1","Holiday/leisure/recreation","1998","1998","TMA05C3","Average Length of Stay by Visitors to Ireland","Nights","8"
"1","Holiday/leisure/recreation","1998","1998","TMA05C4","Expenditure by Irish Residents Abroad","Euro Million","1152"
"1","Holiday/leisure/recreation","1998","1998","TMA05C5","Visits Abroad by Irish Residents","Thousand","1474"
"1","Holiday/leisure/recreation","1998","1998","TMA05C6","Average Length of Stay Abroad by Irish Residents","Nights","9.5"
"1","Holiday/leisure/recreation","1999","1999","TMA05C1","Expenditure by Vistors to Ireland","Euro Million","1228"
"1","Holiday/leisure/recreation","1999","1999","TMA05C2","Visitors to Ireland","Thousand","3306"
"1","Holiday/leisure/recreation","1999","1999","TMA05C3","Average Length of Stay by Visitors to Ireland","Nights","7.4"
"1","Holiday/leisure/recreation","1999","1999","TMA05C4","Expenditure by Irish Residents Abroad","Euro Million","1501"
"1","Holiday/leisure/recreation","1999","1999","TMA05C5","Visits Abroad by Irish Residents","Thousand","1752"
"1","Holiday/leisure/recreation","1999","1999","TMA05C6","Average Length of Stay Abroad by Irish Residents","Nights","10"
"1","Holiday/leisure/recreation","2000","2000","TMA05C1","Expenditure by Vistors to Ireland","Euro Million","1386"
"1","Holiday/leisure/recreation","2000","2000","TMA05C2","Visitors to Ireland","Thousand","3346"
"1","Holiday/leisure/recreation","2000","2000","TMA05C3","Average Length of Stay by Visitors to Ireland","Nights","7.4"
"1","Holiday/leisure/recreation","2000","2000","TMA05C4","Expenditure by Irish Residents Abroad","Euro Million","1737"
"1","Holiday/leisure/recreation","2000","2000","TMA05C5","Visits Abroad by Irish Residents","Thousand","1963"
"1","Holiday/leisure/recreation","2000","2000","TMA05C6","Average Length of Stay Abroad by Irish Residents","Nights","10.3"
"1","Holiday/leisure/recreation","2001","2001","TMA05C1","Expenditure by Vistors to Ireland","Euro Million","1594"
"1","Holiday/leisure/recreation","2001","2001","TMA05C2","Visitors to Ireland","Thousand","3177"
"1","Holiday/leisure/recreation","2001","2001","TMA05C3","Average Length of Stay by Visitors to Ireland","Nights","7.4"
"1","Holiday/leisure/recreation","2001","2001","TMA05C4","Expenditure by Irish Residents Abroad","Euro Million","2205"
"1","Holiday/leisure/recreation","2001","2001","TMA05C5","Visits Abroad by Irish Residents","Thousand","2402"
"1","Holiday/leisure/recreation","2001","2001","TMA05C6","Average Length of Stay Abroad by Irish Residents","Nights","10.4"
"1","Holiday/leisure/recreation","2002","2002","TMA05C1","Expenditure by Vistors to Ireland","Euro Million","1696"
"1","Holiday/leisure/recreation","2002","2002","TMA05C2","Visitors to Ireland","Thousand","3242"
"1","Holiday/leisure/recreation","2002","2002","TMA05C3","Average Length of Stay by Visitors to Ireland","Nights","7.1"
"1","Holiday/leisure/recreation","2002","2002","TMA05C4","Expenditure by Irish Residents Abroad","Euro Million","2720"
"1","Holiday/leisure/recreation","2002","2002","TMA05C5","Visits Abroad by Irish Residents","Thousand","2706"
"1","Holiday/leisure/recreation","2002","2002","TMA05C6","Average Length of Stay Abroad by Irish Residents","Nights","10"
"1","Holiday/leisure/recreation","2003","2003","TMA05C1","Expenditure by Vistors to Ireland","Euro Million","1779"
"1","Holiday/leisure/recreation","2003","2003","TMA05C2","Visitors to Ireland","Thousand","3334"
"1","Holiday/leisure/recreation","2003","2003","TMA05C3","Average Length of Stay by Visitors to Ireland","Nights","7.1"
"1","Holiday/leisure/recreation","2003","2003","TMA05C4","Expenditure by Irish Residents Abroad","Euro Million","2895"
"1","Holiday/leisure/recreation","2003","2003","TMA05C5","Visits Abroad by Irish Residents","Thousand","2876"
"1","Holiday/leisure/recreation","2003","2003","TMA05C6","Average Length of Stay Abroad by Irish Residents","Nights","9.6"
"1","Holiday/leisure/recreation","2004","2004","TMA05C1","Expenditure by Vistors to Ireland","Euro Million","1774"
"1","Holiday/leisure/recreation","2004","2004","TMA05C2","Visitors to Ireland","Thousand","3413"
"1","Holiday/leisure/recreation","2004","2004","TMA05C3","Average Length of Stay by Visitors to Ireland","Nights","7"
"1","Holiday/leisure/recreation","2004","2004","TMA05C4","Expenditure by Irish Residents Abroad","Euro Million","2882"
"1","Holiday/leisure/recreation","2004","2004","TMA05C5","Visits Abroad by Irish Residents","Thousand","3081"
"1","Holiday/leisure/recreation","2004","2004","TMA05C6","Average Length of Stay Abroad by Irish Residents","Nights","8.7"
"1","Holiday/leisure/recreation","2005","2005","TMA05C1","Expenditure by Vistors to Ireland","Euro Million","1822"
"1","Holiday/leisure/recreation","2005","2005","TMA05C2","Visitors to Ireland","Thousand","3428"
"1","Holiday/leisure/recreation","2005","2005","TMA05C3","Average Length of Stay by Visitors to Ireland","Nights","7.1"
"1","Holiday/leisure/recreation","2005","2005","TMA05C4","Expenditure by Irish Residents Abroad","Euro Million","3220"
"1","Holiday/leisure/recreation","2005","2005","TMA05C5","Visits Abroad by Irish Residents","Thousand","3518"
"1","Holiday/leisure/recreation","2005","2005","TMA05C6","Average Length of Stay Abroad by Irish Residents","Nights","8.4"
"1","Holiday/leisure/recreation","2006","2006","TMA05C1","Expenditure by Vistors to Ireland","Euro Million","2029"
"1","Holiday/leisure/recreation","2006","2006","TMA05C2","Visitors to Ireland","Thousand","3775"
"1","Holiday/leisure/recreation","2006","2006","TMA05C3","Average Length of Stay by Visitors to Ireland","Nights","7"
"1","Holiday/leisure/recreation","2006","2006","TMA05C4","Expenditure by Irish Residents Abroad","Euro Million","3557"
"1","Holiday/leisure/recreation","2006","2006","TMA05C5","Visits Abroad by Irish Residents","Thousand","3864"
"1","Holiday/leisure/recreation","2006","2006","TMA05C6","Average Length of Stay Abroad by Irish Residents","Nights","8"
"1","Holiday/leisure/recreation","2007","2007","TMA05C1","Expenditure by Vistors to Ireland","Euro Million","2108"
"1","Holiday/leisure/recreation","2007","2007","TMA05C2","Visitors to Ireland","Thousand","4035"
"1","Holiday/leisure/recreation","2007","2007","TMA05C3","Average Length of Stay by Visitors to Ireland","Nights","6.8"
"1","Holiday/leisure/recreation","2007","2007","TMA05C4","Expenditure by Irish Residents Abroad","Euro Million","4388"
"1","Holiday/leisure/recreation","2007","2007","TMA05C5","Visits Abroad by Irish Residents","Thousand","4654"
"1","Holiday/leisure/recreation","2007","2007","TMA05C6","Average Length of Stay Abroad by Irish Residents","Nights","8.4"
"1","Holiday/leisure/recreation","2008","2008","TMA05C1","Expenditure by Vistors to Ireland","Euro Million","1939"
"1","Holiday/leisure/recreation","2008","2008","TMA05C2","Visitors to Ireland","Thousand","3698"
"1","Holiday/leisure/recreation","2008","2008","TMA05C3","Average Length of Stay by Visitors to Ireland","Nights","7.1"
"1","Holiday/leisure/recreation","2008","2008","TMA05C4","Expenditure by Irish Residents Abroad","Euro Million","4975"
"1","Holiday/leisure/recreation","2008","2008","TMA05C5","Visits Abroad by Irish Residents","Thousand","4824"
"1","Holiday/leisure/recreation","2008","2008","TMA05C6","Average Length of Stay Abroad by Irish Residents","Nights","8.5"
"2","Visit to friends/relatives","1976","1976","TMA05C1","Expenditure by Vistors to Ireland","Euro Million","43"
"2","Visit to friends/relatives","1976","1976","TMA05C2","Visitors to Ireland","Thousand","494"
"2","Visit to friends/relatives","1976","1976","TMA05C3","Average Length of Stay by Visitors to Ireland","Nights",""
"2","Visit to friends/relatives","1976","1976","TMA05C4","Expenditure by Irish Residents Abroad","Euro Million","32"
"2","Visit to friends/relatives","1976","1976","TMA05C5","Visits Abroad by Irish Residents","Thousand","222"
"2","Visit to friends/relatives","1976","1976","TMA05C6","Average Length of Stay Abroad by Irish Residents","Nights",""
"2","Visit to friends/relatives","1977","1977","TMA05C1","Expenditure by Vistors to Ireland","Euro Million","56"
"2","Visit to friends/relatives","1977","1977","TMA05C2","Visitors to Ireland","Thousand","494"
"2","Visit to friends/relatives","1977","1977","TMA05C3","Average Length of Stay by Visitors to Ireland","Nights",""
"2","Visit to friends/relatives","1977","1977","TMA05C4","Expenditure by Irish Residents Abroad","Euro Million","43"
"2","Visit to friends/relatives","1977","1977","TMA05C5","Visits Abroad by Irish Residents","Thousand","253"
"2","Visit to friends/relatives","1977","1977","TMA05C6","Average Length of Stay Abroad by Irish Residents","Nights",""
"2","Visit to friends/relatives","1978","1978","TMA05C1","Expenditure by Vistors to Ireland","Euro Million","52"
"2","Visit to friends/relatives","1978","1978","TMA05C2","Visitors to Ireland","Thousand","486"
"2","Visit to friends/relatives","1978","1978","TMA05C3","Average Length of Stay by Visitors to Ireland","Nights",""
"2","Visit to friends/relatives","1978","1978","TMA05C4","Expenditure by Irish Residents Abroad","Euro Million","56"
"2","Visit to friends/relatives","1978","1978","TMA05C5","Visits Abroad by Irish Residents","Thousand","309"
"2","Visit to friends/relatives","1978","1978","TMA05C6","Average Length of Stay Abroad by Irish Residents","Nights",""
"2","Visit to friends/relatives","1979","1979","TMA05C1","Expenditure by Vistors to Ireland","Euro Million","67"
"2","Visit to friends/relatives","1979","1979","TMA05C2","Visitors to Ireland","Thousand","514"
"2","Visit to friends/relatives","1979","1979","TMA05C3","Average Length of Stay by Visitors to Ireland","Nights",""
"2","Visit to friends/relatives","1979","1979","TMA05C4","Expenditure by Irish Residents Abroad","Euro Million","56"
"2","Visit to friends/relatives","1979","1979","TMA05C5","Visits Abroad by Irish Residents","Thousand","295"
"2","Visit to friends/relatives","1979","1979","TMA05C6","Average Length of Stay Abroad by Irish Residents","Nights",""
"2","Visit to friends/relatives","1980","1980","TMA05C1","Expenditure by Vistors to Ireland","Euro Million","83"
"2","Visit to friends/relatives","1980","1980","TMA05C2","Visitors to Ireland","Thousand","546"
"2","Visit to friends/relatives","1980","1980","TMA05C3","Average Length of Stay by Visitors to Ireland","Nights",""
"2","Visit to friends/relatives","1980","1980","TMA05C4","Expenditure by Irish Residents Abroad","Euro Million","75"
"2","Visit to friends/relatives","1980","1980","TMA05C5","Visits Abroad by Irish Residents","Thousand","315"
"2","Visit to friends/relatives","1980","1980","TMA05C6","Average Length of Stay Abroad by Irish Residents","Nights",""
"2","Visit to friends/relatives","1981","1981","TMA05C1","Expenditure by Vistors to Ireland","Euro Million","95"
"2","Visit to friends/relatives","1981","1981","TMA05C2","Visitors to Ireland","Thousand","571"
"2","Visit to friends/relatives","1981","1981","TMA05C3","Average Length of Stay by Visitors to Ireland","Nights",""
"2","Visit to friends/relatives","1981","1981","TMA05C4","Expenditure by Irish Residents Abroad","Euro Million","89"
"2","Visit to friends/relatives","1981","1981","TMA05C5","Visits Abroad by Irish Residents","Thousand","344"
"2","Visit to friends/relatives","1981","1981","TMA05C6","Average Length of Stay Abroad by Irish Residents","Nights",""
"2","Visit to friends/relatives","1982","1982","TMA05C1","Expenditure by Vistors to Ireland","Euro Million","102"
"2","Visit to friends/relatives","1982","1982","TMA05C2","Visitors to Ireland","Thousand","556"
"2","Visit to friends/relatives","1982","1982","TMA05C3","Average Length of Stay by Visitors to Ireland","Nights",""
"2","Visit to friends/relatives","1982","1982","TMA05C4","Expenditure by Irish Residents Abroad","Euro Million","86"
"2","Visit to friends/relatives","1982","1982","TMA05C5","Visits Abroad by Irish Residents","Thousand","320"
"2","Visit to friends/relatives","1982","1982","TMA05C6","Average Length of Stay Abroad by Irish Residents","Nights",""
"2","Visit to friends/relatives","1983","1983","TMA05C1","Expenditure by Vistors to Ireland","Euro Million","114"
"2","Visit to friends/relatives","1983","1983","TMA05C2","Visitors to Ireland","Thousand","566"
"2","Visit to friends/relatives","1983","1983","TMA05C3","Average Length of Stay by Visitors to Ireland","Nights","11.3"
"2","Visit to friends/relatives","1983","1983","TMA05C4","Expenditure by Irish Residents Abroad","Euro Million","91"
"2","Visit to friends/relatives","1983","1983","TMA05C5","Visits Abroad by Irish Residents","Thousand","323"
"2","Visit to friends/relatives","1983","1983","TMA05C6","Average Length of Stay Abroad by Irish Residents","Nights","11"
"2","Visit to friends/relatives","1984","1984","TMA05C1","Expenditure by Vistors to Ireland","Euro Million","146"
"2","Visit to friends/relatives","1984","1984","TMA05C2","Visitors to Ireland","Thousand","722"
"2","Visit to friends/relatives","1984","1984","TMA05C3","Average Length of Stay by Visitors to Ireland","Nights","11.4"
"2","Visit to friends/relatives","1984","1984","TMA05C4","Expenditure by Irish Residents Abroad","Euro Million","105"
"2","Visit to friends/relatives","1984","1984","TMA05C5","Visits Abroad by Irish Residents","Thousand","337"
"2","Visit to friends/relatives","1984","1984","TMA05C6","Average Length of Stay Abroad by Irish Residents","Nights","10.5"
"2","Visit to friends/relatives","1985","1985","TMA05C1","Expenditure by Vistors to Ireland","Euro Million","166"
"2","Visit to friends/relatives","1985","1985","TMA05C2","Visitors to Ireland","Thousand","712"
"2","Visit to friends/relatives","1985","1985","TMA05C3","Average Length of Stay by Visitors to Ireland","Nights","11.3"
"2","Visit to friends/relatives","1985","1985","TMA05C4","Expenditure by Irish Residents Abroad","Euro Million","116"
"2","Visit to friends/relatives","1985","1985","TMA05C5","Visits Abroad by Irish Residents","Thousand","336"
"2","Visit to friends/relatives","1985","1985","TMA05C6","Average Length of Stay Abroad by Irish Residents","Nights","10.6"
"2","Visit to friends/relatives","1986","1986","TMA05C1","Expenditure by Vistors to Ireland","Euro Million","175"
"2","Visit to friends/relatives","1986","1986","TMA05C2","Visitors to Ireland","Thousand","700"
"2","Visit to friends/relatives","1986","1986","TMA05C3","Average Length of Stay by Visitors to Ireland","Nights","11"
"2","Visit to friends/relatives","1986","1986","TMA05C4","Expenditure by Irish Residents Abroad","Euro Million","156"
"2","Visit to friends/relatives","1986","1986","TMA05C5","Visits Abroad by Irish Residents","Thousand","401"
"2","Visit to friends/relatives","1986","1986","TMA05C6","Average Length of Stay Abroad by Irish Residents","Nights","10.9"
"2","Visit to friends/relatives","1987","1987","TMA05C1","Expenditure by Vistors to Ireland","Euro Million","225"
"2","Visit to friends/relatives","1987","1987","TMA05C2","Visitors to Ireland","Thousand","836"
"2","Visit to friends/relatives","1987","1987","TMA05C3","Average Length of Stay by Visitors to Ireland","Nights","10.8"
"2","Visit to friends/relatives","1987","1987","TMA05C4","Expenditure by Irish Residents Abroad","Euro Million","207"
"2","Visit to friends/relatives","1987","1987","TMA05C5","Visits Abroad by Irish Residents","Thousand","535"
"2","Visit to friends/relatives","1987","1987","TMA05C6","Average Length of Stay Abroad by Irish Residents","Nights","10.7"
"2","Visit to friends/relatives","1988","1988","TMA05C1","Expenditure by Vistors to Ireland","Euro Million","246"
"2","Visit to friends/relatives","1988","1988","TMA05C2","Visitors to Ireland","Thousand","919"
"2","Visit to friends/relatives","1988","1988","TMA05C3","Average Length of Stay by Visitors to Ireland","Nights","10.4"
"2","Visit to friends/relatives","1988","1988","TMA05C4","Expenditure by Irish Residents Abroad","Euro Million","231"
"2","Visit to friends/relatives","1988","1988","TMA05C5","Visits Abroad by Irish Residents","Thousand","565"
"2","Visit to friends/relatives","1988","1988","TMA05C6","Average Length of Stay Abroad by Irish Residents","Nights","11"
"2","Visit to friends/relatives","1989","1989","TMA05C1","Expenditure by Vistors to Ireland","Euro Million","274"
"2","Visit to friends/relatives","1989","1989","TMA05C2","Visitors to Ireland","Thousand","1020"
"2","Visit to friends/relatives","1989","1989","TMA05C3","Average Length of Stay by Visitors to Ireland","Nights","10"
"2","Visit to friends/relatives","1989","1989","TMA05C4","Expenditure by Irish Residents Abroad","Euro Million","254"
"2","Visit to friends/relatives","1989","1989","TMA05C5","Visits Abroad by Irish Residents","Thousand","606"
"2","Visit to friends/relatives","1989","1989","TMA05C6","Average Length of Stay Abroad by Irish Residents","Nights","10.7"
"2","Visit to friends/relatives","1990","1990","TMA05C1","Expenditure by Vistors to Ireland","Euro Million","286"
"2","Visit to friends/relatives","1990","1990","TMA05C2","Visitors to Ireland","Thousand","1059"
"2","Visit to friends/relatives","1990","1990","TMA05C3","Average Length of Stay by Visitors to Ireland","Nights","9.9"
"2","Visit to friends/relatives","1990","1990","TMA05C4","Expenditure by Irish Residents Abroad","Euro Million","265"
"2","Visit to friends/relatives","1990","1990","TMA05C5","Visits Abroad by Irish Residents","Thousand","619"
"2","Visit to friends/relatives","1990","1990","TMA05C6","Average Length of Stay Abroad by Irish Residents","Nights","10.1"
"2","Visit to friends/relatives","1991","1991","TMA05C1","Expenditure by Vistors to Ireland","Euro Million","270"
"2","Visit to friends/relatives","1991","1991","TMA05C2","Visitors to Ireland","Thousand","909"
"2","Visit to friends/relatives","1991","1991","TMA05C3","Average Length of Stay by Visitors to Ireland","Nights","10.2"
"2","Visit to friends/relatives","1991","1991","TMA05C4","Expenditure by Irish Residents Abroad","Euro Million","253"
"2","Visit to friends/relatives","1991","1991","TMA05C5","Visits Abroad by Irish Residents","Thousand","540"
"2","Visit to friends/relatives","1991","1991","TMA05C6","Average Length of Stay Abroad by Irish Residents","Nights","10"
"2","Visit to friends/relatives","1992","1992","TMA05C1","Expenditure by Vistors to Ireland","Euro Million","244"
"2","Visit to friends/relatives","1992","1992","TMA05C2","Visitors to Ireland","Thousand","905"
"2","Visit to friends/relatives","1992","1992","TMA05C3","Average Length of Stay by Visitors to Ireland","Nights","9.7"
"2","Visit to friends/relatives","1992","1992","TMA05C4","Expenditure by Irish Residents Abroad","Euro Million","264"
"2","Visit to friends/relatives","1992","1992","TMA05C5","Visits Abroad by Irish Residents","Thousand","610"
"2","Visit to friends/relatives","1992","1992","TMA05C6","Average Length of Stay Abroad by Irish Residents","Nights","9.7"
"2","Visit to friends/relatives","1993","1993","TMA05C1","Expenditure by Vistors to Ireland","Euro Million","282"
"2","Visit to friends/relatives","1993","1993","TMA05C2","Visitors to Ireland","Thousand","980"
"2","Visit to friends/relatives","1993","1993","TMA05C3","Average Length of Stay by Visitors to Ireland","Nights","9.5"
"2","Visit to friends/relatives","1993","1993","TMA05C4","Expenditure by Irish Residents Abroad","Euro Million","277"
"2","Visit to friends/relatives","1993","1993","TMA05C5","Visits Abroad by Irish Residents","Thousand","622"
"2","Visit to friends/relatives","1993","1993","TMA05C6","Average Length of Stay Abroad by Irish Residents","Nights","9.9"
"2","Visit to friends/relatives","1994","1994","TMA05C1","Expenditure by Vistors to Ireland","Euro Million","321"
"2","Visit to friends/relatives","1994","1994","TMA05C2","Visitors to Ireland","Thousand","1031"
"2","Visit to friends/relatives","1994","1994","TMA05C3","Average Length of Stay by Visitors to Ireland","Nights","10"
"2","Visit to friends/relatives","1994","1994","TMA05C4","Expenditure by Irish Residents Abroad","Euro Million","338"
"2","Visit to friends/relatives","1994","1994","TMA05C5","Visits Abroad by Irish Residents","Thousand","681"
"2","Visit to friends/relatives","1994","1994","TMA05C6","Average Length of Stay Abroad by Irish Residents","Nights","10.3"
"2","Visit to friends/relatives","1995","1995","TMA05C1","Expenditure by Vistors to Ireland","Euro Million","329"
"2","Visit to friends/relatives","1995","1995","TMA05C2","Visitors to Ireland","Thousand","1014"
"2","Visit to friends/relatives","1995","1995","TMA05C3","Average Length of Stay by Visitors to Ireland","Nights","9.9"
"2","Visit to friends/relatives","1995","1995","TMA05C4","Expenditure by Irish Residents Abroad","Euro Million","325"
"2","Visit to friends/relatives","1995","1995","TMA05C5","Visits Abroad by Irish Residents","Thousand","635"
"2","Visit to friends/relatives","1995","1995","TMA05C6","Average Length of Stay Abroad by Irish Residents","Nights","10.3"
"2","Visit to friends/relatives","1996","1996","TMA05C1","Expenditure by Vistors to Ireland","Euro Million","376"
"2","Visit to friends/relatives","1996","1996","TMA05C2","Visitors to Ireland","Thousand","1139"
"2","Visit to friends/relatives","1996","1996","TMA05C3","Average Length of Stay by Visitors to Ireland","Nights","9.6"
"2","Visit to friends/relatives","1996","1996","TMA05C4","Expenditure by Irish Residents Abroad","Euro Million","363"
"2","Visit to friends/relatives","1996","1996","TMA05C5","Visits Abroad by Irish Residents","Thousand","721"
"2","Visit to friends/relatives","1996","1996","TMA05C6","Average Length of Stay Abroad by Irish Residents","Nights","9.8"
"2","Visit to friends/relatives","1997","1997","TMA05C1","Expenditure by Vistors to Ireland","Euro Million","403"
"2","Visit to friends/relatives","1997","1997","TMA05C2","Visitors to Ireland","Thousand","1231"
"2","Visit to friends/relatives","1997","1997","TMA05C3","Average Length of Stay by Visitors to Ireland","Nights","9.2"
"2","Visit to friends/relatives","1997","1997","TMA05C4","Expenditure by Irish Residents Abroad","Euro Million","455"
"2","Visit to friends/relatives","1997","1997","TMA05C5","Visits Abroad by Irish Residents","Thousand","864"
"2","Visit to friends/relatives","1997","1997","TMA05C6","Average Length of Stay Abroad by Irish Residents","Nights","9.4"
"2","Visit to friends/relatives","1998","1998","TMA05C1","Expenditure by Vistors to Ireland","Euro Million","434"
"2","Visit to friends/relatives","1998","1998","TMA05C2","Visitors to Ireland","Thousand","1290"
"2","Visit to friends/relatives","1998","1998","TMA05C3","Average Length of Stay by Visitors to Ireland","Nights","9"
"2","Visit to friends/relatives","1998","1998","TMA05C4","Expenditure by Irish Residents Abroad","Euro Million","502"
"2","Visit to friends/relatives","1998","1998","TMA05C5","Visits Abroad by Irish Residents","Thousand","917"
"2","Visit to friends/relatives","1998","1998","TMA05C6","Average Length of Stay Abroad by Irish Residents","Nights","9.4"
"2","Visit to friends/relatives","1999","1999","TMA05C1","Expenditure by Vistors to Ireland","Euro Million","453"
"2","Visit to friends/relatives","1999","1999","TMA05C2","Visitors to Ireland","Thousand","1439"
"2","Visit to friends/relatives","1999","1999","TMA05C3","Average Length of Stay by Visitors to Ireland","Nights","8.3"
"2","Visit to friends/relatives","1999","1999","TMA05C4","Expenditure by Irish Residents Abroad","Euro Million","555"
"2","Visit to friends/relatives","1999","1999","TMA05C5","Visits Abroad by Irish Residents","Thousand","958"
"2","Visit to friends/relatives","1999","1999","TMA05C6","Average Length of Stay Abroad by Irish Residents","Nights","9.2"
"2","Visit to friends/relatives","2000","2000","TMA05C1","Expenditure by Vistors to Ireland","Euro Million","569"
"2","Visit to friends/relatives","2000","2000","TMA05C2","Visitors to Ireland","Thousand","1564"
"2","Visit to friends/relatives","2000","2000","TMA05C3","Average Length of Stay by Visitors to Ireland","Nights","8.4"
"2","Visit to friends/relatives","2000","2000","TMA05C4","Expenditure by Irish Residents Abroad","Euro Million","598"
"2","Visit to friends/relatives","2000","2000","TMA05C5","Visits Abroad by Irish Residents","Thousand","946"
"2","Visit to friends/relatives","2000","2000","TMA05C6","Average Length of Stay Abroad by Irish Residents","Nights","9.3"
"2","Visit to friends/relatives","2001","2001","TMA05C1","Expenditure by Vistors to Ireland","Euro Million","648"
"2","Visit to friends/relatives","2001","2001","TMA05C2","Visitors to Ireland","Thousand","1566"
"2","Visit to friends/relatives","2001","2001","TMA05C3","Average Length of Stay by Visitors to Ireland","Nights","8.4"
"2","Visit to friends/relatives","2001","2001","TMA05C4","Expenditure by Irish Residents Abroad","Euro Million","678"
"2","Visit to friends/relatives","2001","2001","TMA05C5","Visits Abroad by Irish Residents","Thousand","1048"
"2","Visit to friends/relatives","2001","2001","TMA05C6","Average Length of Stay Abroad by Irish Residents","Nights","8.9"
"2","Visit to friends/relatives","2002","2002","TMA05C1","Expenditure by Vistors to Ireland","Euro Million","675"
"2","Visit to friends/relatives","2002","2002","TMA05C2","Visitors to Ireland","Thousand","1603"
"2","Visit to friends/relatives","2002","2002","TMA05C3","Average Length of Stay by Visitors to Ireland","Nights","8.1"
"2","Visit to friends/relatives","2002","2002","TMA05C4","Expenditure by Irish Residents Abroad","Euro Million","754"
"2","Visit to friends/relatives","2002","2002","TMA05C5","Visits Abroad by Irish Residents","Thousand","1099"
"2","Visit to friends/relatives","2002","2002","TMA05C6","Average Length of Stay Abroad by Irish Residents","Nights","9.2"
"2","Visit to friends/relatives","2003","2003","TMA05C1","Expenditure by Vistors to Ireland","Euro Million","708"
"2","Visit to friends/relatives","2003","2003","TMA05C2","Visitors to Ireland","Thousand","1736"
"2","Visit to friends/relatives","2003","2003","TMA05C3","Average Length of Stay by Visitors to Ireland","Nights","7.8"
"2","Visit to friends/relatives","2003","2003","TMA05C4","Expenditure by Irish Residents Abroad","Euro Million","796"
"2","Visit to friends/relatives","2003","2003","TMA05C5","Visits Abroad by Irish Residents","Thousand","1170"
"2","Visit to friends/relatives","2003","2003","TMA05C6","Average Length of Stay Abroad by Irish Residents","Nights","8.8"
"2","Visit to friends/relatives","2004","2004","TMA05C1","Expenditure by Vistors to Ireland","Euro Million","755"
"2","Visit to friends/relatives","2004","2004","TMA05C2","Visitors to Ireland","Thousand","1807"
"2","Visit to friends/relatives","2004","2004","TMA05C3","Average Length of Stay by Visitors to Ireland","Nights","7.9"
"2","Visit to friends/relatives","2004","2004","TMA05C4","Expenditure by Irish Residents Abroad","Euro Million","862"
"2","Visit to friends/relatives","2004","2004","TMA05C5","Visits Abroad by Irish Residents","Thousand","1296"
"2","Visit to friends/relatives","2004","2004","TMA05C6","Average Length of Stay Abroad by Irish Residents","Nights","8.8"
"2","Visit to friends/relatives","2005","2005","TMA05C1","Expenditure by Vistors to Ireland","Euro Million","884"
"2","Visit to friends/relatives","2005","2005","TMA05C2","Visitors to Ireland","Thousand","2125"
"2","Visit to friends/relatives","2005","2005","TMA05C3","Average Length of Stay by Visitors to Ireland","Nights","8.2"
"2","Visit to friends/relatives","2005","2005","TMA05C4","Expenditure by Irish Residents Abroad","Euro Million","945"
"2","Visit to friends/relatives","2005","2005","TMA05C5","Visits Abroad by Irish Residents","Thousand","1416"
"2","Visit to friends/relatives","2005","2005","TMA05C6","Average Length of Stay Abroad by Irish Residents","Nights","9.1"
"2","Visit to friends/relatives","2006","2006","TMA05C1","Expenditure by Vistors to Ireland","Euro Million","936"
"2","Visit to friends/relatives","2006","2006","TMA05C2","Visitors to Ireland","Thousand","2323"
"2","Visit to friends/relatives","2006","2006","TMA05C3","Average Length of Stay by Visitors to Ireland","Nights","8.5"
"2","Visit to friends/relatives","2006","2006","TMA05C4","Expenditure by Irish Residents Abroad","Euro Million","1132"
"2","Visit to friends/relatives","2006","2006","TMA05C5","Visits Abroad by Irish Residents","Thousand","1648"
"2","Visit to friends/relatives","2006","2006","TMA05C6","Average Length of Stay Abroad by Irish Residents","Nights","9"
"2","Visit to friends/relatives","2007","2007","TMA05C1","Expenditure by Vistors to Ireland","Euro Million","914"
"2","Visit to friends/relatives","2007","2007","TMA05C2","Visitors to Ireland","Thousand","2247"
"2","Visit to friends/relatives","2007","2007","TMA05C3","Average Length of Stay by Visitors to Ireland","Nights","7.9"
"2","Visit to friends/relatives","2007","2007","TMA05C4","Expenditure by Irish Residents Abroad","Euro Million","1227"
"2","Visit to friends/relatives","2007","2007","TMA05C5","Visits Abroad by Irish Residents","Thousand","1753"
"2","Visit to friends/relatives","2007","2007","TMA05C6","Average Length of Stay Abroad by Irish Residents","Nights","8.3"
"2","Visit to friends/relatives","2008","2008","TMA05C1","Expenditure by Vistors to Ireland","Euro Million","899"
"2","Visit to friends/relatives","2008","2008","TMA05C2","Visitors to Ireland","Thousand","2276"
"2","Visit to friends/relatives","2008","2008","TMA05C3","Average Length of Stay by Visitors to Ireland","Nights","8.3"
"2","Visit to friends/relatives","2008","2008","TMA05C4","Expenditure by Irish Residents Abroad","Euro Million","1283"
"2","Visit to friends/relatives","2008","2008","TMA05C5","Visits Abroad by Irish Residents","Thousand","1804"
"2","Visit to friends/relatives","2008","2008","TMA05C6","Average Length of Stay Abroad by Irish Residents","Nights","8.8"
"3","Business","1976","1976","TMA05C1","Expenditure by Vistors to Ireland","Euro Million","15"
"3","Business","1976","1976","TMA05C2","Visitors to Ireland","Thousand","188"
"3","Business","1976","1976","TMA05C3","Average Length of Stay by Visitors to Ireland","Nights",""
"3","Business","1976","1976","TMA05C4","Expenditure by Irish Residents Abroad","Euro Million","33"
"3","Business","1976","1976","TMA05C5","Visits Abroad by Irish Residents","Thousand","150"
"3","Business","1976","1976","TMA05C6","Average Length of Stay Abroad by Irish Residents","Nights",""
"3","Business","1977","1977","TMA05C1","Expenditure by Vistors to Ireland","Euro Million","20"
"3","Business","1977","1977","TMA05C2","Visitors to Ireland","Thousand","214"
"3","Business","1977","1977","TMA05C3","Average Length of Stay by Visitors to Ireland","Nights",""
"3","Business","1977","1977","TMA05C4","Expenditure by Irish Residents Abroad","Euro Million","42"
"3","Business","1977","1977","TMA05C5","Visits Abroad by Irish Residents","Thousand","171"
"3","Business","1977","1977","TMA05C6","Average Length of Stay Abroad by Irish Residents","Nights",""
"3","Business","1978","1978","TMA05C1","Expenditure by Vistors to Ireland","Euro Million","28"
"3","Business","1978","1978","TMA05C2","Visitors to Ireland","Thousand","269"
"3","Business","1978","1978","TMA05C3","Average Length of Stay by Visitors to Ireland","Nights",""
"3","Business","1978","1978","TMA05C4","Expenditure by Irish Residents Abroad","Euro Million","52"
"3","Business","1978","1978","TMA05C5","Visits Abroad by Irish Residents","Thousand","212"
"3","Business","1978","1978","TMA05C6","Average Length of Stay Abroad by Irish Residents","Nights",""
"3","Business","1979","1979","TMA05C1","Expenditure by Vistors to Ireland","Euro Million","44"
"3","Business","1979","1979","TMA05C2","Visitors to Ireland","Thousand","318"
"3","Business","1979","1979","TMA05C3","Average Length of Stay by Visitors to Ireland","Nights",""
"3","Business","1979","1979","TMA05C4","Expenditure by Irish Residents Abroad","Euro Million","79"
"3","Business","1979","1979","TMA05C5","Visits Abroad by Irish Residents","Thousand","230"
"3","Business","1979","1979","TMA05C6","Average Length of Stay Abroad by Irish Residents","Nights",""
"3","Business","1980","1980","TMA05C1","Expenditure by Vistors to Ireland","Euro Million","51"
"3","Business","1980","1980","TMA05C2","Visitors to Ireland","Thousand","314"
"3","Business","1980","1980","TMA05C3","Average Length of Stay by Visitors to Ireland","Nights",""
"3","Business","1980","1980","TMA05C4","Expenditure by Irish Residents Abroad","Euro Million","86"
"3","Business","1980","1980","TMA05C5","Visits Abroad by Irish Residents","Thousand","233"
"3","Business","1980","1980","TMA05C6","Average Length of Stay Abroad by Irish Residents","Nights",""
"3","Business","1981","1981","TMA05C1","Expenditure by Vistors to Ireland","Euro Million","57"
"3","Business","1981","1981","TMA05C2","Visitors to Ireland","Thousand","313"
"3","Business","1981","1981","TMA05C3","Average Length of Stay by Visitors to Ireland","Nights",""
"3","Business","1981","1981","TMA05C4","Expenditure by Irish Residents Abroad","Euro Million","88"
"3","Business","1981","1981","TMA05C5","Visits Abroad by Irish Residents","Thousand","226"
"3","Business","1981","1981","TMA05C6","Average Length of Stay Abroad by Irish Residents","Nights",""
"3","Business","1982","1982","TMA05C1","Expenditure by Vistors to Ireland","Euro Million","74"
"3","Business","1982","1982","TMA05C2","Visitors to Ireland","Thousand","356"
"3","Business","1982","1982","TMA05C3","Average Length of Stay by Visitors to Ireland","Nights",""
"3","Business","1982","1982","TMA05C4","Expenditure by Irish Residents Abroad","Euro Million","110"
"3","Business","1982","1982","TMA05C5","Visits Abroad by Irish Residents","Thousand","225"
"3","Business","1982","1982","TMA05C6","Average Length of Stay Abroad by Irish Residents","Nights",""
"3","Business","1983","1983","TMA05C1","Expenditure by Vistors to Ireland","Euro Million","75"
"3","Business","1983","1983","TMA05C2","Visitors to Ireland","Thousand","357"
"3","Business","1983","1983","TMA05C3","Average Length of Stay by Visitors to Ireland","Nights","3.7"
"3","Business","1983","1983","TMA05C4","Expenditure by Irish Residents Abroad","Euro Million","104"
"3","Business","1983","1983","TMA05C5","Visits Abroad by Irish Residents","Thousand","210"
"3","Business","1983","1983","TMA05C6","Average Length of Stay Abroad by Irish Residents","Nights","5"
"3","Business","1984","1984","TMA05C1","Expenditure by Vistors to Ireland","Euro Million","62"
"3","Business","1984","1984","TMA05C2","Visitors to Ireland","Thousand","319"
"3","Business","1984","1984","TMA05C3","Average Length of Stay by Visitors to Ireland","Nights","3.4"
"3","Business","1984","1984","TMA05C4","Expenditure by Irish Residents Abroad","Euro Million","107"
"3","Business","1984","1984","TMA05C5","Visits Abroad by Irish Residents","Thousand","197"
"3","Business","1984","1984","TMA05C6","Average Length of Stay Abroad by Irish Residents","Nights","5.4"
"3","Business","1985","1985","TMA05C1","Expenditure by Vistors to Ireland","Euro Million","67"
"3","Business","1985","1985","TMA05C2","Visitors to Ireland","Thousand","290"
"3","Business","1985","1985","TMA05C3","Average Length of Stay by Visitors to Ireland","Nights","3.6"
"3","Business","1985","1985","TMA05C4","Expenditure by Irish Residents Abroad","Euro Million","126"
"3","Business","1985","1985","TMA05C5","Visits Abroad by Irish Residents","Thousand","220"
"3","Business","1985","1985","TMA05C6","Average Length of Stay Abroad by Irish Residents","Nights","5.9"
"3","Business","1986","1986","TMA05C1","Expenditure by Vistors to Ireland","Euro Million","80"
"3","Business","1986","1986","TMA05C2","Visitors to Ireland","Thousand","315"
"3","Business","1986","1986","TMA05C3","Average Length of Stay by Visitors to Ireland","Nights","4.3"
"3","Business","1986","1986","TMA05C4","Expenditure by Irish Residents Abroad","Euro Million","138"
"3","Business","1986","1986","TMA05C5","Visits Abroad by Irish Residents","Thousand","233"
"3","Business","1986","1986","TMA05C6","Average Length of Stay Abroad by Irish Residents","Nights","6.4"
"3","Business","1987","1987","TMA05C1","Expenditure by Vistors to Ireland","Euro Million","97"
"3","Business","1987","1987","TMA05C2","Visitors to Ireland","Thousand","354"
"3","Business","1987","1987","TMA05C3","Average Length of Stay by Visitors to Ireland","Nights","3.7"
"3","Business","1987","1987","TMA05C4","Expenditure by Irish Residents Abroad","Euro Million","182"
"3","Business","1987","1987","TMA05C5","Visits Abroad by Irish Residents","Thousand","288"
"3","Business","1987","1987","TMA05C6","Average Length of Stay Abroad by Irish Residents","Nights","6.4"
"3","Business","1988","1988","TMA05C1","Expenditure by Vistors to Ireland","Euro Million","118"
"3","Business","1988","1988","TMA05C2","Visitors to Ireland","Thousand","438"
"3","Business","1988","1988","TMA05C3","Average Length of Stay by Visitors to Ireland","Nights","3.8"
"3","Business","1988","1988","TMA05C4","Expenditure by Irish Residents Abroad","Euro Million","194"
"3","Business","1988","1988","TMA05C5","Visits Abroad by Irish Residents","Thousand","320"
"3","Business","1988","1988","TMA05C6","Average Length of Stay Abroad by Irish Residents","Nights","6.9"
"3","Business","1989","1989","TMA05C1","Expenditure by Vistors to Ireland","Euro Million","128"
"3","Business","1989","1989","TMA05C2","Visitors to Ireland","Thousand","471"
"3","Business","1989","1989","TMA05C3","Average Length of Stay by Visitors to Ireland","Nights","3.9"
"3","Business","1989","1989","TMA05C4","Expenditure by Irish Residents Abroad","Euro Million","240"
"3","Business","1989","1989","TMA05C5","Visits Abroad by Irish Residents","Thousand","377"
"3","Business","1989","1989","TMA05C6","Average Length of Stay Abroad by Irish Residents","Nights","6.5"
"3","Business","1990","1990","TMA05C1","Expenditure by Vistors to Ireland","Euro Million","145"
"3","Business","1990","1990","TMA05C2","Visitors to Ireland","Thousand","507"
"3","Business","1990","1990","TMA05C3","Average Length of Stay by Visitors to Ireland","Nights","4.1"
"3","Business","1990","1990","TMA05C4","Expenditure by Irish Residents Abroad","Euro Million","234"
"3","Business","1990","1990","TMA05C5","Visits Abroad by Irish Residents","Thousand","350"
"3","Business","1990","1990","TMA05C6","Average Length of Stay Abroad by Irish Residents","Nights","6.4"
"3","Business","1991","1991","TMA05C1","Expenditure by Vistors to Ireland","Euro Million","135"
"3","Business","1991","1991","TMA05C2","Visitors to Ireland","Thousand","445"
"3","Business","1991","1991","TMA05C3","Average Length of Stay by Visitors to Ireland","Nights","4.3"
"3","Business","1991","1991","TMA05C4","Expenditure by Irish Residents Abroad","Euro Million","244"
"3","Business","1991","1991","TMA05C5","Visits Abroad by Irish Residents","Thousand","353"
"3","Business","1991","1991","TMA05C6","Average Length of Stay Abroad by Irish Residents","Nights","6.3"
"3","Business","1992","1992","TMA05C1","Expenditure by Vistors to Ireland","Euro Million","145"
"3","Business","1992","1992","TMA05C2","Visitors to Ireland","Thousand","458"
"3","Business","1992","1992","TMA05C3","Average Length of Stay by Visitors to Ireland","Nights","4.5"
"3","Business","1992","1992","TMA05C4","Expenditure by Irish Residents Abroad","Euro Million","246"
"3","Business","1992","1992","TMA05C5","Visits Abroad by Irish Residents","Thousand","352"
"3","Business","1992","1992","TMA05C6","Average Length of Stay Abroad by Irish Residents","Nights","6"
"3","Business","1993","1993","TMA05C1","Expenditure by Vistors to Ireland","Euro Million","166"
"3","Business","1993","1993","TMA05C2","Visitors to Ireland","Thousand","497"
"3","Business","1993","1993","TMA05C3","Average Length of Stay by Visitors to Ireland","Nights","4.5"
"3","Business","1993","1993","TMA05C4","Expenditure by Irish Residents Abroad","Euro Million","264"
"3","Business","1993","1993","TMA05C5","Visits Abroad by Irish Residents","Thousand","373"
"3","Business","1993","1993","TMA05C6","Average Length of Stay Abroad by Irish Residents","Nights","6.4"
"3","Business","1994","1994","TMA05C1","Expenditure by Vistors to Ireland","Euro Million","198"
"3","Business","1994","1994","TMA05C2","Visitors to Ireland","Thousand","547"
"3","Business","1994","1994","TMA05C3","Average Length of Stay by Visitors to Ireland","Nights","4.5"
"3","Business","1994","1994","TMA05C4","Expenditure by Irish Residents Abroad","Euro Million","350"
"3","Business","1994","1994","TMA05C5","Visits Abroad by Irish Residents","Thousand","446"
"3","Business","1994","1994","TMA05C6","Average Length of Stay Abroad by Irish Residents","Nights","7.3"
"3","Business","1995","1995","TMA05C1","Expenditure by Vistors to Ireland","Euro Million","221"
"3","Business","1995","1995","TMA05C2","Visitors to Ireland","Thousand","597"
"3","Business","1995","1995","TMA05C3","Average Length of Stay by Visitors to Ireland","Nights","4.3"
"3","Business","1995","1995","TMA05C4","Expenditure by Irish Residents Abroad","Euro Million","414"
"3","Business","1995","1995","TMA05C5","Visits Abroad by Irish Residents","Thousand","451"
"3","Business","1995","1995","TMA05C6","Average Length of Stay Abroad by Irish Residents","Nights","6.9"
"3","Business","1996","1996","TMA05C1","Expenditure by Vistors to Ireland","Euro Million","269"
"3","Business","1996","1996","TMA05C2","Visitors to Ireland","Thousand","757"
"3","Business","1996","1996","TMA05C3","Average Length of Stay by Visitors to Ireland","Nights","4.5"
"3","Business","1996","1996","TMA05C4","Expenditure by Irish Residents Abroad","Euro Million","499"
"3","Business","1996","1996","TMA05C5","Visits Abroad by Irish Residents","Thousand","551"
"3","Business","1996","1996","TMA05C6","Average Length of Stay Abroad by Irish Residents","Nights","6.3"
"3","Business","1997","1997","TMA05C1","Expenditure by Vistors to Ireland","Euro Million","330"
"3","Business","1997","1997","TMA05C2","Visitors to Ireland","Thousand","785"
"3","Business","1997","1997","TMA05C3","Average Length of Stay by Visitors to Ireland","Nights","5.2"
"3","Business","1997","1997","TMA05C4","Expenditure by Irish Residents Abroad","Euro Million","453"
"3","Business","1997","1997","TMA05C5","Visits Abroad by Irish Residents","Thousand","530"
"3","Business","1997","1997","TMA05C6","Average Length of Stay Abroad by Irish Residents","Nights","6.1"
"3","Business","1998","1998","TMA05C1","Expenditure by Vistors to Ireland","Euro Million","361"
"3","Business","1998","1998","TMA05C2","Visitors to Ireland","Thousand","891"
"3","Business","1998","1998","TMA05C3","Average Length of Stay by Visitors to Ireland","Nights","5.1"
"3","Business","1998","1998","TMA05C4","Expenditure by Irish Residents Abroad","Euro Million","524"
"3","Business","1998","1998","TMA05C5","Visits Abroad by Irish Residents","Thousand","596"
"3","Business","1998","1998","TMA05C6","Average Length of Stay Abroad by Irish Residents","Nights","6.1"
"3","Business","1999","1999","TMA05C1","Expenditure by Vistors to Ireland","Euro Million","438"
"3","Business","1999","1999","TMA05C2","Visitors to Ireland","Thousand","994"
"3","Business","1999","1999","TMA05C3","Average Length of Stay by Visitors to Ireland","Nights","5.6"
"3","Business","1999","1999","TMA05C4","Expenditure by Irish Residents Abroad","Euro Million","556"
"3","Business","1999","1999","TMA05C5","Visits Abroad by Irish Residents","Thousand","594"
"3","Business","1999","1999","TMA05C6","Average Length of Stay Abroad by Irish Residents","Nights","6.6"
"3","Business","2000","2000","TMA05C1","Expenditure by Vistors to Ireland","Euro Million","486"
"3","Business","2000","2000","TMA05C2","Visitors to Ireland","Thousand","1074"
"3","Business","2000","2000","TMA05C3","Average Length of Stay by Visitors to Ireland","Nights","5.5"
"3","Business","2000","2000","TMA05C4","Expenditure by Irish Residents Abroad","Euro Million","657"
"3","Business","2000","2000","TMA05C5","Visits Abroad by Irish Residents","Thousand","631"
"3","Business","2000","2000","TMA05C6","Average Length of Stay Abroad by Irish Residents","Nights","7.1"
"3","Business","2001","2001","TMA05C1","Expenditure by Vistors to Ireland","Euro Million","460"
"3","Business","2001","2001","TMA05C2","Visitors to Ireland","Thousand","975"
"3","Business","2001","2001","TMA05C3","Average Length of Stay by Visitors to Ireland","Nights","5.9"
"3","Business","2001","2001","TMA05C4","Expenditure by Irish Residents Abroad","Euro Million","521"
"3","Business","2001","2001","TMA05C5","Visits Abroad by Irish Residents","Thousand","542"
"3","Business","2001","2001","TMA05C6","Average Length of Stay Abroad by Irish Residents","Nights","7.2"
"3","Business","2002","2002","TMA05C1","Expenditure by Vistors to Ireland","Euro Million","445"
"3","Business","2002","2002","TMA05C2","Visitors to Ireland","Thousand","906"
"3","Business","2002","2002","TMA05C3","Average Length of Stay by Visitors to Ireland","Nights","5.9"
"3","Business","2002","2002","TMA05C4","Expenditure by Irish Residents Abroad","Euro Million","581"
"3","Business","2002","2002","TMA05C5","Visits Abroad by Irish Residents","Thousand","559"
"3","Business","2002","2002","TMA05C6","Average Length of Stay Abroad by Irish Residents","Nights","7.6"
"3","Business","2003","2003","TMA05C1","Expenditure by Vistors to Ireland","Euro Million","402"
"3","Business","2003","2003","TMA05C2","Visitors to Ireland","Thousand","854"
"3","Business","2003","2003","TMA05C3","Average Length of Stay by Visitors to Ireland","Nights","5.6"
"3","Business","2003","2003","TMA05C4","Expenditure by Irish Residents Abroad","Euro Million","605"
"3","Business","2003","2003","TMA05C5","Visits Abroad by Irish Residents","Thousand","597"
"3","Business","2003","2003","TMA05C6","Average Length of Stay Abroad by Irish Residents","Nights","7.3"
"3","Business","2004","2004","TMA05C1","Expenditure by Vistors to Ireland","Euro Million","424"
"3","Business","2004","2004","TMA05C2","Visitors to Ireland","Thousand","926"
"3","Business","2004","2004","TMA05C3","Average Length of Stay by Visitors to Ireland","Nights","5.4"
"3","Business","2004","2004","TMA05C4","Expenditure by Irish Residents Abroad","Euro Million","612"
"3","Business","2004","2004","TMA05C5","Visits Abroad by Irish Residents","Thousand","671"
"3","Business","2004","2004","TMA05C6","Average Length of Stay Abroad by Irish Residents","Nights","6.3"
"3","Business","2005","2005","TMA05C1","Expenditure by Vistors to Ireland","Euro Million","457"
"3","Business","2005","2005","TMA05C2","Visitors to Ireland","Thousand","967"
"3","Business","2005","2005","TMA05C3","Average Length of Stay by Visitors to Ireland","Nights","5.5"
"3","Business","2005","2005","TMA05C4","Expenditure by Irish Residents Abroad","Euro Million","708"
"3","Business","2005","2005","TMA05C5","Visits Abroad by Irish Residents","Thousand","738"
"3","Business","2005","2005","TMA05C6","Average Length of Stay Abroad by Irish Residents","Nights","6.6"
"3","Business","2006","2006","TMA05C1","Expenditure by Vistors to Ireland","Euro Million","473"
"3","Business","2006","2006","TMA05C2","Visitors to Ireland","Thousand","1100"
"3","Business","2006","2006","TMA05C3","Average Length of Stay by Visitors to Ireland","Nights","4.2"
"3","Business","2006","2006","TMA05C4","Expenditure by Irish Residents Abroad","Euro Million","781"
"3","Business","2006","2006","TMA05C5","Visits Abroad by Irish Residents","Thousand","813"
"3","Business","2006","2006","TMA05C6","Average Length of Stay Abroad by Irish Residents","Nights","6.3"
"3","Business","2007","2007","TMA05C1","Expenditure by Vistors to Ireland","Euro Million","554"
"3","Business","2007","2007","TMA05C2","Visitors to Ireland","Thousand","1211"
"3","Business","2007","2007","TMA05C3","Average Length of Stay by Visitors to Ireland","Nights","5.2"
"3","Business","2007","2007","TMA05C4","Expenditure by Irish Residents Abroad","Euro Million","829"
"3","Business","2007","2007","TMA05C5","Visits Abroad by Irish Residents","Thousand","886"
"3","Business","2007","2007","TMA05C6","Average Length of Stay Abroad by Irish Residents","Nights","6.1"
"3","Business","2008","2008","TMA05C1","Expenditure by Vistors to Ireland","Euro Million","594"
"3","Business","2008","2008","TMA05C2","Visitors to Ireland","Thousand","1334"
"3","Business","2008","2008","TMA05C3","Average Length of Stay by Visitors to Ireland","Nights","4.7"
"3","Business","2008","2008","TMA05C4","Expenditure by Irish Residents Abroad","Euro Million","971"
"3","Business","2008","2008","TMA05C5","Visits Abroad by Irish Residents","Thousand","922"
"3","Business","2008","2008","TMA05C6","Average Length of Stay Abroad by Irish Residents","Nights","6.5"
"4","Other reason for journey","1976","1976","TMA05C1","Expenditure by Vistors to Ireland","Euro Million","4"
"4","Other reason for journey","1976","1976","TMA05C2","Visitors to Ireland","Thousand","75"
"4","Other reason for journey","1976","1976","TMA05C3","Average Length of Stay by Visitors to Ireland","Nights",""
"4","Other reason for journey","1976","1976","TMA05C4","Expenditure by Irish Residents Abroad","Euro Million","10"
"4","Other reason for journey","1976","1976","TMA05C5","Visits Abroad by Irish Residents","Thousand","87"
"4","Other reason for journey","1976","1976","TMA05C6","Average Length of Stay Abroad by Irish Residents","Nights",""
"4","Other reason for journey","1977","1977","TMA05C1","Expenditure by Vistors to Ireland","Euro Million","11"
"4","Other reason for journey","1977","1977","TMA05C2","Visitors to Ireland","Thousand","102"
"4","Other reason for journey","1977","1977","TMA05C3","Average Length of Stay by Visitors to Ireland","Nights",""
"4","Other reason for journey","1977","1977","TMA05C4","Expenditure by Irish Residents Abroad","Euro Million","17"
"4","Other reason for journey","1977","1977","TMA05C5","Visits Abroad by Irish Residents","Thousand","123"
"4","Other reason for journey","1977","1977","TMA05C6","Average Length of Stay Abroad by Irish Residents","Nights",""
"4","Other reason for journey","1978","1978","TMA05C1","Expenditure by Vistors to Ireland","Euro Million","8"
"4","Other reason for journey","1978","1978","TMA05C2","Visitors to Ireland","Thousand","80"
"4","Other reason for journey","1978","1978","TMA05C3","Average Length of Stay by Visitors to Ireland","Nights",""
"4","Other reason for journey","1978","1978","TMA05C4","Expenditure by Irish Residents Abroad","Euro Million","17"
"4","Other reason for journey","1978","1978","TMA05C5","Visits Abroad by Irish Residents","Thousand","92"
"4","Other reason for journey","1978","1978","TMA05C6","Average Length of Stay Abroad by Irish Residents","Nights",""
"4","Other reason for journey","1979","1979","TMA05C1","Expenditure by Vistors to Ireland","Euro Million","14"
"4","Other reason for journey","1979","1979","TMA05C2","Visitors to Ireland","Thousand","112"
"4","Other reason for journey","1979","1979","TMA05C3","Average Length of Stay by Visitors to Ireland","Nights",""
"4","Other reason for journey","1979","1979","TMA05C4","Expenditure by Irish Residents Abroad","Euro Million","37"
"4","Other reason for journey","1979","1979","TMA05C5","Visits Abroad by Irish Residents","Thousand","139"
"4","Other reason for journey","1979","1979","TMA05C6","Average Length of Stay Abroad by Irish Residents","Nights",""
"4","Other reason for journey","1980","1980","TMA05C1","Expenditure by Vistors to Ireland","Euro Million","14"
"4","Other reason for journey","1980","1980","TMA05C2","Visitors to Ireland","Thousand","115"
"4","Other reason for journey","1980","1980","TMA05C3","Average Length of Stay by Visitors to Ireland","Nights",""
"4","Other reason for journey","1980","1980","TMA05C4","Expenditure by Irish Residents Abroad","Euro Million","25"
"4","Other reason for journey","1980","1980","TMA05C5","Visits Abroad by Irish Residents","Thousand","119"
"4","Other reason for journey","1980","1980","TMA05C6","Average Length of Stay Abroad by Irish Residents","Nights",""
"4","Other reason for journey","1981","1981","TMA05C1","Expenditure by Vistors to Ireland","Euro Million","19"
"4","Other reason for journey","1981","1981","TMA05C2","Visitors to Ireland","Thousand","134"
"4","Other reason for journey","1981","1981","TMA05C3","Average Length of Stay by Visitors to Ireland","Nights",""
"4","Other reason for journey","1981","1981","TMA05C4","Expenditure by Irish Residents Abroad","Euro Million","25"
"4","Other reason for journey","1981","1981","TMA05C5","Visits Abroad by Irish Residents","Thousand","120"
"4","Other reason for journey","1981","1981","TMA05C6","Average Length of Stay Abroad by Irish Residents","Nights",""
"4","Other reason for journey","1982","1982","TMA05C1","Expenditure by Vistors to Ireland","Euro Million","24"
"4","Other reason for journey","1982","1982","TMA05C2","Visitors to Ireland","Thousand","154"
"4","Other reason for journey","1982","1982","TMA05C3","Average Length of Stay by Visitors to Ireland","Nights",""
"4","Other reason for journey","1982","1982","TMA05C4","Expenditure by Irish Residents Abroad","Euro Million","28"
"4","Other reason for journey","1982","1982","TMA05C5","Visits Abroad by Irish Residents","Thousand","154"
"4","Other reason for journey","1982","1982","TMA05C6","Average Length of Stay Abroad by Irish Residents","Nights",""
"4","Other reason for journey","1983","1983","TMA05C1","Expenditure by Vistors to Ireland","Euro Million","20"
"4","Other reason for journey","1983","1983","TMA05C2","Visitors to Ireland","Thousand","135"
"4","Other reason for journey","1983","1983","TMA05C3","Average Length of Stay by Visitors to Ireland","Nights","6.1"
"4","Other reason for journey","1983","1983","TMA05C4","Expenditure by Irish Residents Abroad","Euro Million","30"
"4","Other reason for journey","1983","1983","TMA05C5","Visits Abroad by Irish Residents","Thousand","125"
"4","Other reason for journey","1983","1983","TMA05C6","Average Length of Stay Abroad by Irish Residents","Nights","5.9"
"4","Other reason for journey","1984","1984","TMA05C1","Expenditure by Vistors to Ireland","Euro Million","18"
"4","Other reason for journey","1984","1984","TMA05C2","Visitors to Ireland","Thousand","127"
"4","Other reason for journey","1984","1984","TMA05C3","Average Length of Stay by Visitors to Ireland","Nights","5.2"
"4","Other reason for journey","1984","1984","TMA05C4","Expenditure by Irish Residents Abroad","Euro Million","38"
"4","Other reason for journey","1984","1984","TMA05C5","Visits Abroad by Irish Residents","Thousand","139"
"4","Other reason for journey","1984","1984","TMA05C6","Average Length of Stay Abroad by Irish Residents","Nights","5.3"
"4","Other reason for journey","1985","1985","TMA05C1","Expenditure by Vistors to Ireland","Euro Million","27"
"4","Other reason for journey","1985","1985","TMA05C2","Visitors to Ireland","Thousand","117"
"4","Other reason for journey","1985","1985","TMA05C3","Average Length of Stay by Visitors to Ireland","Nights","7.2"
"4","Other reason for journey","1985","1985","TMA05C4","Expenditure by Irish Residents Abroad","Euro Million","46"
"4","Other reason for journey","1985","1985","TMA05C5","Visits Abroad by Irish Residents","Thousand","142"
"4","Other reason for journey","1985","1985","TMA05C6","Average Length of Stay Abroad by Irish Residents","Nights","6.9"
"4","Other reason for journey","1986","1986","TMA05C1","Expenditure by Vistors to Ireland","Euro Million","43"
"4","Other reason for journey","1986","1986","TMA05C2","Visitors to Ireland","Thousand","156"
"4","Other reason for journey","1986","1986","TMA05C3","Average Length of Stay by Visitors to Ireland","Nights","11.6"
"4","Other reason for journey","1986","1986","TMA05C4","Expenditure by Irish Residents Abroad","Euro Million","85"
"4","Other reason for journey","1986","1986","TMA05C5","Visits Abroad by Irish Residents","Thousand","166"
"4","Other reason for journey","1986","1986","TMA05C6","Average Length of Stay Abroad by Irish Residents","Nights","11.7"
"4","Other reason for journey","1987","1987","TMA05C1","Expenditure by Vistors to Ireland","Euro Million","43"
"4","Other reason for journey","1987","1987","TMA05C2","Visitors to Ireland","Thousand","139"
"4","Other reason for journey","1987","1987","TMA05C3","Average Length of Stay by Visitors to Ireland","Nights","10.9"
"4","Other reason for journey","1987","1987","TMA05C4","Expenditure by Irish Residents Abroad","Euro Million","103"
"4","Other reason for journey","1987","1987","TMA05C5","Visits Abroad by Irish Residents","Thousand","171"
"4","Other reason for journey","1987","1987","TMA05C6","Average Length of Stay Abroad by Irish Residents","Nights","14.7"
"4","Other reason for journey","1988","1988","TMA05C1","Expenditure by Vistors to Ireland","Euro Million","56"
"4","Other reason for journey","1988","1988","TMA05C2","Visitors to Ireland","Thousand","178"
"4","Other reason for journey","1988","1988","TMA05C3","Average Length of Stay by Visitors to Ireland","Nights","9.2"
"4","Other reason for journey","1988","1988","TMA05C4","Expenditure by Irish Residents Abroad","Euro Million","104"
"4","Other reason for journey","1988","1988","TMA05C5","Visits Abroad by Irish Residents","Thousand","193"
"4","Other reason for journey","1988","1988","TMA05C6","Average Length of Stay Abroad by Irish Residents","Nights","13.7"
"4","Other reason for journey","1989","1989","TMA05C1","Expenditure by Vistors to Ireland","Euro Million","66"
"4","Other reason for journey","1989","1989","TMA05C2","Visitors to Ireland","Thousand","181"
"4","Other reason for journey","1989","1989","TMA05C3","Average Length of Stay by Visitors to Ireland","Nights","11.9"
"4","Other reason for journey","1989","1989","TMA05C4","Expenditure by Irish Residents Abroad","Euro Million","98"
"4","Other reason for journey","1989","1989","TMA05C5","Visits Abroad by Irish Residents","Thousand","153"
"4","Other reason for journey","1989","1989","TMA05C6","Average Length of Stay Abroad by Irish Residents","Nights","17"
"4","Other reason for journey","1990","1990","TMA05C1","Expenditure by Vistors to Ireland","Euro Million","67"
"4","Other reason for journey","1990","1990","TMA05C2","Visitors to Ireland","Thousand","175"
"4","Other reason for journey","1990","1990","TMA05C3","Average Length of Stay by Visitors to Ireland","Nights","12.1"
"4","Other reason for journey","1990","1990","TMA05C4","Expenditure by Irish Residents Abroad","Euro Million","105"
"4","Other reason for journey","1990","1990","TMA05C5","Visits Abroad by Irish Residents","Thousand","171"
"4","Other reason for journey","1990","1990","TMA05C6","Average Length of Stay Abroad by Irish Residents","Nights","15.7"
"4","Other reason for journey","1991","1991","TMA05C1","Expenditure by Vistors to Ireland","Euro Million","77"
"4","Other reason for journey","1991","1991","TMA05C2","Visitors to Ireland","Thousand","177"
"4","Other reason for journey","1991","1991","TMA05C3","Average Length of Stay by Visitors to Ireland","Nights","13.3"
"4","Other reason for journey","1991","1991","TMA05C4","Expenditure by Irish Residents Abroad","Euro Million","100"
"4","Other reason for journey","1991","1991","TMA05C5","Visits Abroad by Irish Residents","Thousand","173"
"4","Other reason for journey","1991","1991","TMA05C6","Average Length of Stay Abroad by Irish Residents","Nights","11.8"
"4","Other reason for journey","1992","1992","TMA05C1","Expenditure by Vistors to Ireland","Euro Million","84"
"4","Other reason for journey","1992","1992","TMA05C2","Visitors to Ireland","Thousand","205"
"4","Other reason for journey","1992","1992","TMA05C3","Average Length of Stay by Visitors to Ireland","Nights","11.5"
"4","Other reason for journey","1992","1992","TMA05C4","Expenditure by Irish Residents Abroad","Euro Million","105"
"4","Other reason for journey","1992","1992","TMA05C5","Visits Abroad by Irish Residents","Thousand","177"
"4","Other reason for journey","1992","1992","TMA05C6","Average Length of Stay Abroad by Irish Residents","Nights","13.3"
"4","Other reason for journey","1993","1993","TMA05C1","Expenditure by Vistors to Ireland","Euro Million","95"
"4","Other reason for journey","1993","1993","TMA05C2","Visitors to Ireland","Thousand","233"
"4","Other reason for journey","1993","1993","TMA05C3","Average Length of Stay by Visitors to Ireland","Nights","11.9"
"4","Other reason for journey","1993","1993","TMA05C4","Expenditure by Irish Residents Abroad","Euro Million","127"
"4","Other reason for journey","1993","1993","TMA05C5","Visits Abroad by Irish Residents","Thousand","204"
"4","Other reason for journey","1993","1993","TMA05C6","Average Length of Stay Abroad by Irish Residents","Nights","12.3"
"4","Other reason for journey","1994","1994","TMA05C1","Expenditure by Vistors to Ireland","Euro Million","143"
"4","Other reason for journey","1994","1994","TMA05C2","Visitors to Ireland","Thousand","297"
"4","Other reason for journey","1994","1994","TMA05C3","Average Length of Stay by Visitors to Ireland","Nights","13.9"
"4","Other reason for journey","1994","1994","TMA05C4","Expenditure by Irish Residents Abroad","Euro Million","163"
"4","Other reason for journey","1994","1994","TMA05C5","Visits Abroad by Irish Residents","Thousand","235"
"4","Other reason for journey","1994","1994","TMA05C6","Average Length of Stay Abroad by Irish Residents","Nights","13.2"
"4","Other reason for journey","1995","1995","TMA05C1","Expenditure by Vistors to Ireland","Euro Million","161"
"4","Other reason for journey","1995","1995","TMA05C2","Visitors to Ireland","Thousand","332"
"4","Other reason for journey","1995","1995","TMA05C3","Average Length of Stay by Visitors to Ireland","Nights","13.7"
"4","Other reason for journey","1995","1995","TMA05C4","Expenditure by Irish Residents Abroad","Euro Million","223"
"4","Other reason for journey","1995","1995","TMA05C5","Visits Abroad by Irish Residents","Thousand","285"
"4","Other reason for journey","1995","1995","TMA05C6","Average Length of Stay Abroad by Irish Residents","Nights","14.7"
"4","Other reason for journey","1996","1996","TMA05C1","Expenditure by Vistors to Ireland","Euro Million","187"
"4","Other reason for journey","1996","1996","TMA05C2","Visitors to Ireland","Thousand","376"
"4","Other reason for journey","1996","1996","TMA05C3","Average Length of Stay by Visitors to Ireland","Nights","13.6"
"4","Other reason for journey","1996","1996","TMA05C4","Expenditure by Irish Residents Abroad","Euro Million","206"
"4","Other reason for journey","1996","1996","TMA05C5","Visits Abroad by Irish Residents","Thousand","278"
"4","Other reason for journey","1996","1996","TMA05C6","Average Length of Stay Abroad by Irish Residents","Nights","13.9"
"4","Other reason for journey","1997","1997","TMA05C1","Expenditure by Vistors to Ireland","Euro Million","184"
"4","Other reason for journey","1997","1997","TMA05C2","Visitors to Ireland","Thousand","380"
"4","Other reason for journey","1997","1997","TMA05C3","Average Length of Stay by Visitors to Ireland","Nights","13.2"
"4","Other reason for journey","1997","1997","TMA05C4","Expenditure by Irish Residents Abroad","Euro Million","274"
"4","Other reason for journey","1997","1997","TMA05C5","Visits Abroad by Irish Residents","Thousand","360"
"4","Other reason for journey","1997","1997","TMA05C6","Average Length of Stay Abroad by Irish Residents","Nights","13.7"
"4","Other reason for journey","1998","1998","TMA05C1","Expenditure by Vistors to Ireland","Euro Million","193"
"4","Other reason for journey","1998","1998","TMA05C2","Visitors to Ireland","Thousand","438"
"4","Other reason for journey","1998","1998","TMA05C3","Average Length of Stay by Visitors to Ireland","Nights","12.4"
"4","Other reason for journey","1998","1998","TMA05C4","Expenditure by Irish Residents Abroad","Euro Million","253"
"4","Other reason for journey","1998","1998","TMA05C5","Visits Abroad by Irish Residents","Thousand","344"
"4","Other reason for journey","1998","1998","TMA05C6","Average Length of Stay Abroad by Irish Residents","Nights","12.9"
"4","Other reason for journey","1999","1999","TMA05C1","Expenditure by Vistors to Ireland","Euro Million","161"
"4","Other reason for journey","1999","1999","TMA05C2","Visitors to Ireland","Thousand","328"
"4","Other reason for journey","1999","1999","TMA05C3","Average Length of Stay by Visitors to Ireland","Nights","13"
"4","Other reason for journey","1999","1999","TMA05C4","Expenditure by Irish Residents Abroad","Euro Million","180"
"4","Other reason for journey","1999","1999","TMA05C5","Visits Abroad by Irish Residents","Thousand","261"
"4","Other reason for journey","1999","1999","TMA05C6","Average Length of Stay Abroad by Irish Residents","Nights","12.6"
"4","Other reason for journey","2000","2000","TMA05C1","Expenditure by Vistors to Ireland","Euro Million","175"
"4","Other reason for journey","2000","2000","TMA05C2","Visitors to Ireland","Thousand","328"
"4","Other reason for journey","2000","2000","TMA05C3","Average Length of Stay by Visitors to Ireland","Nights","13.2"
"4","Other reason for journey","2000","2000","TMA05C4","Expenditure by Irish Residents Abroad","Euro Million","195"
"4","Other reason for journey","2000","2000","TMA05C5","Visits Abroad by Irish Residents","Thousand","243"
"4","Other reason for journey","2000","2000","TMA05C6","Average Length of Stay Abroad by Irish Residents","Nights","11.9"
"4","Other reason for journey","2001","2001","TMA05C1","Expenditure by Vistors to Ireland","Euro Million","191"
"4","Other reason for journey","2001","2001","TMA05C2","Visitors to Ireland","Thousand","273"
"4","Other reason for journey","2001","2001","TMA05C3","Average Length of Stay by Visitors to Ireland","Nights","16.5"
"4","Other reason for journey","2001","2001","TMA05C4","Expenditure by Irish Residents Abroad","Euro Million","196"
"4","Other reason for journey","2001","2001","TMA05C5","Visits Abroad by Irish Residents","Thousand","224"
"4","Other reason for journey","2001","2001","TMA05C6","Average Length of Stay Abroad by Irish Residents","Nights","13.7"
"4","Other reason for journey","2002","2002","TMA05C1","Expenditure by Vistors to Ireland","Euro Million","230"
"4","Other reason for journey","2002","2002","TMA05C2","Visitors to Ireland","Thousand","314"
"4","Other reason for journey","2002","2002","TMA05C3","Average Length of Stay by Visitors to Ireland","Nights","16.7"
"4","Other reason for journey","2002","2002","TMA05C4","Expenditure by Irish Residents Abroad","Euro Million","255"
"4","Other reason for journey","2002","2002","TMA05C5","Visits Abroad by Irish Residents","Thousand","270"
"4","Other reason for journey","2002","2002","TMA05C6","Average Length of Stay Abroad by Irish Residents","Nights","11.3"
"4","Other reason for journey","2003","2003","TMA05C1","Expenditure by Vistors to Ireland","Euro Million","309"
"4","Other reason for journey","2003","2003","TMA05C2","Visitors to Ireland","Thousand","445"
"4","Other reason for journey","2003","2003","TMA05C3","Average Length of Stay by Visitors to Ireland","Nights","16.8"
"4","Other reason for journey","2003","2003","TMA05C4","Expenditure by Irish Residents Abroad","Euro Million","290"
"4","Other reason for journey","2003","2003","TMA05C5","Visits Abroad by Irish Residents","Thousand","287"
"4","Other reason for journey","2003","2003","TMA05C6","Average Length of Stay Abroad by Irish Residents","Nights","12.9"
"4","Other reason for journey","2004","2004","TMA05C1","Expenditure by Vistors to Ireland","Euro Million","251"
"4","Other reason for journey","2004","2004","TMA05C2","Visitors to Ireland","Thousand","429"
"4","Other reason for journey","2004","2004","TMA05C3","Average Length of Stay by Visitors to Ireland","Nights","13.6"
"4","Other reason for journey","2004","2004","TMA05C4","Expenditure by Irish Residents Abroad","Euro Million","304"
"4","Other reason for journey","2004","2004","TMA05C5","Visits Abroad by Irish Residents","Thousand","361"
"4","Other reason for journey","2004","2004","TMA05C6","Average Length of Stay Abroad by Irish Residents","Nights","9.6"
"4","Other reason for journey","2005","2005","TMA05C1","Expenditure by Vistors to Ireland","Euro Million","292"
"4","Other reason for journey","2005","2005","TMA05C2","Visitors to Ireland","Thousand","457"
"4","Other reason for journey","2005","2005","TMA05C3","Average Length of Stay by Visitors to Ireland","Nights","12.2"
"4","Other reason for journey","2005","2005","TMA05C4","Expenditure by Irish Residents Abroad","Euro Million","397"
"4","Other reason for journey","2005","2005","TMA05C5","Visits Abroad by Irish Residents","Thousand","441"
"4","Other reason for journey","2005","2005","TMA05C6","Average Length of Stay Abroad by Irish Residents","Nights","8.8"
"4","Other reason for journey","2006","2006","TMA05C1","Expenditure by Vistors to Ireland","Euro Million","353"
"4","Other reason for journey","2006","2006","TMA05C2","Visitors to Ireland","Thousand","511"
"4","Other reason for journey","2006","2006","TMA05C3","Average Length of Stay by Visitors to Ireland","Nights","15.8"
"4","Other reason for journey","2006","2006","TMA05C4","Expenditure by Irish Residents Abroad","Euro Million","448"
"4","Other reason for journey","2006","2006","TMA05C5","Visits Abroad by Irish Residents","Thousand","523"
"4","Other reason for journey","2006","2006","TMA05C6","Average Length of Stay Abroad by Irish Residents","Nights","7"
"4","Other reason for journey","2007","2007","TMA05C1","Expenditure by Vistors to Ireland","Euro Million","344"
"4","Other reason for journey","2007","2007","TMA05C2","Visitors to Ireland","Thousand","519"
"4","Other reason for journey","2007","2007","TMA05C3","Average Length of Stay by Visitors to Ireland","Nights","13.1"
"4","Other reason for journey","2007","2007","TMA05C4","Expenditure by Irish Residents Abroad","Euro Million","398"
"4","Other reason for journey","2007","2007","TMA05C5","Visits Abroad by Irish Residents","Thousand","420"
"4","Other reason for journey","2007","2007","TMA05C6","Average Length of Stay Abroad by Irish Residents","Nights","8.2"
"4","Other reason for journey","2008","2008","TMA05C1","Expenditure by Vistors to Ireland","Euro Million","402"
"4","Other reason for journey","2008","2008","TMA05C2","Visitors to Ireland","Thousand","531"
"4","Other reason for journey","2008","2008","TMA05C3","Average Length of Stay by Visitors to Ireland","Nights","23"
"4","Other reason for journey","2008","2008","TMA05C4","Expenditure by Irish Residents Abroad","Euro Million","355"
"4","Other reason for journey","2008","2008","TMA05C5","Visits Abroad by Irish Residents","Thousand","328"
"4","Other reason for journey","2008","2008","TMA05C6","Average Length of Stay Abroad by Irish Residents","Nights","11.1"
